[{
		"DefaultProgram": "использовать Робот\r\nалг\r\nнач\r\n\r\nкон",
		"name": "Задача - Черный ход",
		"tab": [{
				"name": "Условие",
				"text": "Принцесса Египта Нефертити была похоронена вместе с ключом от Великого Равновесия в огромной пирамиде, в которой находится вход в подземный город. Ключ от Великого Равновесия ей вручил Дед Мороз 3000 лет назад, когда она ещё была маленькая. Разбудить её можно только поцелуем. Три богатыря добрались до пирамиды. Теперь им необходимо найти черный ход (клетку, отмеченную буквой Б), который расположен с противоположной стороны пирамиды прямо напротив них.",
				"type": "text"
			}, {
				"name": "Топ",
				"type": "site",
				"url": "\\top.html"
			}, {
				"name": "Тест 1",
				"type": "fil",
				"url": "\\task\\back_door\\1.fil"
			}, {
				"name": "Тест 2",
				"type": "fil",
				"url": "\\task\\back_door\\2.fil"
			}, {
				"name": "Загрузить",
				"type": "load"
			}
		],
		"tests": ["\\task\\back_door\\1.fil", "\\task\\back_door\\2.fil", "\\task\\back_door\\3__secret_information__.fil","\\task\\back_door\\4__secret_information__.fil"]
	}, {
		"DefaultProgram": "использовать Робот\r\nалг\r\nнач\r\n\r\nкон",
		"name": "Задача - Часовые",
		"tab": [{
				"name": "Условие",
				"text": "Мудрый и сильный, но строгий богатырь Добрыня Никитич, сотрудник пограничной службы, предложил оптимизировать охрану границы и по новому расставить часовых (закрасить клетки). По окончанию разводящий должен вернуться в позицию, отмеченную буквой Б.",
				"type": "text"
			}, {
				"name": "Топ",
				"type": "site",
				"url": "\\top.html"
			}, {
				"name": "Тест 1",
				"type": "fil",
				"url": "\\task\\sentry\\1.fil"
			}, {
				"name": "Загрузить",
				"type": "load"
			}
		],
		"tests": ["\\task\\sentry\\1.fil"]
	}, {
		"DefaultProgram": "использовать Робот\r\nалг\r\nнач\r\n\r\nкон",
		"name": "Задача - Поиск оленя",
		"tab": [{
				"name": "Условие",
				"text": "Всем известно что Дурило - младший брат Деда Мороза, 13-ый запасной месяц, который реальным месяцем так и не стал. Зато он стал коварным и решил сделать себя самым главным месяцем в году и установить вечное лето. Для этого он  украл оленя у Деда Мороза и спрятал его. Помогите Деду Морозу, который стоит где-то на поле, закрасить все отмеченные клетки и найти оленя, спрятанного в клетке Б. (Длина границы и размеры государства считайте неизвестными)",
				"type": "text"
			}, {
				"name": "Топ",
				"type": "site",
				"url": "\\top.html"
			}, {
				"name": "Тест 1",
				"type": "fil",
				"url": "\\task\\border\\1.fil"
			}, {
				"name": "Тест 2",
				"type": "fil",
				"url": "\\task\\border\\2.fil"
			}, {
				"name": "Загрузить",
				"type": "load"
			}
		],
		"tests": ["\\task\\border\\1.fil","\\task\\border\\2.fil","\\task\\border\\3__secret_information__.fil","\\task\\border\\4__secret_information__.fil"]
	}, {
		"DefaultProgram": "использовать Робот\r\nалг\r\nнач\r\n\r\nкон",
		"name": "Задача - Шум-гора",
		"tab": [{
				"name": "Условие",
				"text": "Самый младший богатырь Алёша Попович родом из Ростова. Весёлый и честный парень решил жениться на Любаве — его лучшей подруге с самого детства. Долго ли, коротко ли, но оказался Алеша совсем рядом с Любавой, которая ждет его у подножия горы с другой стороны. Осталось совсем чуть-чуть. Подскажите Алеше дорогу до Любавы, закрасив все клетки на его пути. Высота горы не известна.",
				"type": "text"
			}, {
				"name": "Топ",
				"type": "site",
				"url": "\\top.html"
			}, {
				"name": "Тест 1",
				"type": "fil",
				"url": "\\task\\shaft\\1.fil"
			}, {
				"name": "Тест 2",
				"type": "fil",
				"url": "\\task\\shaft\\2.fil"
			}, {
				"name": "Загрузить",
				"type": "load"
			}
		],
		"tests": ["\\task\\shaft\\1.fil","\\task\\shaft\\2.fil","\\task\\shaft\\3__secret_information__.fil","\\task\\shaft\\4__secret_information__.fil"]
	}, {
		"DefaultProgram": "использовать Робот\r\nалг\r\nнач\r\n\r\nкон",
		"name": "Задача - Великий Новгород",
		"tab": [{
				"name": "Условие",
				"text": "Юлий - конь Алёши Поповича, единственный конь на свете, который умеет говорить. Решил Юлий посетить свой родной город — Новгород, вокруг которого много болот. Глубина болота неизвестна, да и  насколько оно простирается тоже. Помогите коняшке добраться до родного края, преодолеть болото и пометить свой путь (закрасить клетки), чтобы потом по нему вернуться обратно.",
				"type": "text"
			}, {
				"name": "Топ",
				"type": "site",
				"url": "\\top.html"
			}, {
				"name": "Тест 1",
				"type": "fil",
				"url": "\\task\\ditch\\1.fil"
			}, {
				"name": "Тест 2",
				"type": "fil",
				"url": "\\task\\ditch\\2.fil"
			}, {
				"name": "Загрузить",
				"type": "load"
			}
		],
		"tests": ["\\task\\ditch\\1.fil","\\task\\ditch\\2.fil","\\task\\ditch\\3__secret_information__.fil","\\task\\ditch\\4__secret_information__.fil"]
	}, {
		"DefaultProgram": "использовать Робот\r\nалг\r\nнач\r\n\r\nкон",
		"name": "Задача - Дед Мороз",
		"tab": [{
				"name": "Условие",
				"text": "Главный новогодний волшебник Дед Мороз еще тот дизайнер. В некоторые места не может ездить без своего оленя, например, в Египет. Пока до Нового года еще есть время, решил он съездить отдохнуть. А по пути оставить за собой волшебный след закрашивая все отмеченные клетки. Пока не покрасит - Новый год не наступит!",
				"type": "text"
			}, {
				"name": "Топ",
				"type": "site",
				"url": "\\top.html"
			}, {
				"name": "Тест 1",
				"type": "fil",
				"url": "\\task\\2020\\1.fil"
			}, {
				"name": "Тест 2",
				"type": "fil",
				"url": "\\task\\2020\\2.fil"
			}, {
				"name": "Загрузить",
				"type": "load"
			}
		],
		"tests": ["\\task\\2020\\1.fil","\\task\\2020\\2.fil","\\task\\2020\\3__secret_information__.fil","\\task\\2020\\4__secret_information__.fil"]
	}, {
		"DefaultProgram": "использовать Робот\r\nалг\r\nнач\r\n\r\nкон",
		"name": "Задача - Т-ри",
		"tab": [{
				"name": "Условие",
				"text": "Великий Князь, правитель Киева,  — прямое начальство богатырей. Решил он увековечить свое имя, для чего велел нарисовать свой собственный герб, состоящий из трех букв «Т».",
				"type": "text"
			}, {
				"name": "Топ",
				"type": "site",
				"url": "\\top.html"
			}, {
				"name": "Тест 1",
				"type": "fil",
				"url": "\\task\\3T\\1.fil"
			}, {
				"name": "Загрузить",
				"type": "load"
			}
		],
		"tests": ["\\task\\3T\\1.fil"]
	}, {
		"DefaultProgram": "использовать Робот\r\nалг\r\nнач\r\n\r\nкон",
		"name": "Задача - Баба-Яга",
		"tab": [{
				"name": "Условие",
				"text": "Баба-Яга потомственная колдунья в шестом поколении, знающая толк в древней тёмной магии. Живет на болоте в избушке на курьих ножках. Считает свое болото самым экологически чистым местом, но не прочь переехать поближе к стольному граду и жить в более комфортных условиях. Помогите Бабе-Яге перебраться в стольный град и отметить там свое присутствие.",
				"type": "text"
			}, {
				"name": "Топ",
				"type": "site",
				"url": "\\top.html"
			}, {
				"name": "Тест 1",
				"type": "fil",
				"url": "\\task\\baba_yaga\\1.fil"
			}, {
				"name": "Тест 2",
				"type": "fil",
				"url": "\\task\\baba_yaga\\2.fil"
			}, {
				"name": "Загрузить",
				"type": "load"
			}
		],
		"tests": ["\\task\\baba_yaga\\1.fil","\\task\\baba_yaga\\2.fil","\\task\\baba_yaga\\3__secret_information__.fil"]
	}, {
		"DefaultProgram": "использовать Робот\r\nалг\r\nнач\r\n\r\nкон",
		"name": "Задача - Дырявый лабиринт",
		"tab": [{
				"name": "Условие",
				"text": "Илья Муромец самый сильный из трёх богатырей. Очень суеверный и наблюдательный. Илья незаметно для себя влюбился в Алёнушку и поспешил навстречу ей. Но на пути его встретился неведомый лабиринт, наполненный нечистью. Необходимо пройти извилистый путь и избавиться от темных сил, осветив (закрасив) места, отмеченные точками.",
				"type": "text"
			}, {
				"name": "Топ",
				"type": "site",
				"url": "\\top.html"
			}, {
				"name": "Тест 1",
				"type": "fil",
				"url": "\\task\\labirint\\1.fil"
			}, {
				"name": "Тест 2",
				"type": "fil",
				"url": "\\task\\labirint\\2.fil"
			}, {
				"name": "Загрузить",
				"type": "load"
			}
		],
		"tests": ["\\task\\labirint\\1.fil","\\task\\labirint\\2.fil","\\task\\labirint\\3__secret_information__.fil"]
	}, {
		"DefaultProgram": "использовать Робот\r\nалг\r\nнач\r\n\r\nкон",
		"name": "Задача - Частокол",
		"tab": [{
				"name": "Условие",
				"text": "Вождь тугарского войска Тугарин Змей — огромный, сильный, охочий до золота. Ограбил Ростов, после чего Алеша, который не смог это предотвратить построил усиленный забор. Нужно покрасить все отмеченные клетки.",
				"type": "text"
			}, {
				"name": "Топ",
				"type": "site",
				"url": "\\top.html"
			}, {
				"name": "Тест 1",
				"type": "fil",
				"url": "\\task\\fence\\1.fil"
			}, {
				"name": "Загрузить",
				"type": "load"
			}
		],
		"tests": ["\\task\\fence\\1.fil"]
	}
]
