[{
		"DefaultProgram": "использовать Робот\r\nалг\r\nнач\r\n\r\nкон",
		"name": "A1",
		"tab": [{
				"name": "Условие",
				"text": "Скоро новый год. Не будьте в стороне! Помогите украсить город к празднику. Оформители решили  напечатать плакат  на специальном принтере, но ещё не успели дописать программу для  построения надписи. Помогите дописать недостающую часть кода для изображения двух последных цифр.",
				"type": "text"
			}, {
				"name": "Топ",
				"type": "site",
				"url": "\\top.html"
			}, {
				"name": "Тест 1",
				"type": "fil",
				"url": "\\task\\A1\\1.fil"
			}, {
				"name": "Загрузить",
				"type": "load"
			}
		],
		"tests": ["\\task\\A1\\1.fil", "\\task\\A1\\2__secret_information__.fil", "\\task\\A1\\3__secret_information__.fil"]
	}, {
		"DefaultProgram": "использовать Робот\r\nалг\r\nнач\r\n\r\nкон",
		"name": "A2",
		"tab": [{
				"name": "Условие",
				"text": "После написания программы для рисования цифр, нарисовать буквы уже не составит никакого труда. Сделайте перерыв в Новогодней теме, попробуйте написать программу для печати рекламного баннера.",
				"type": "text"
			}, {
				"name": "Топ",
				"type": "site",
				"url": "\\top.html"
			}, {
				"name": "Тест 1",
				"type": "fil",
				"url": "\\task\\A2\\1.fil"
			}, {
				"name": "Тест 2",
				"type": "fil",
				"url": "\\task\\A2\\2.fil"
			}, {
				"name": "Загрузить",
				"type": "load"
			}
		],
		"tests": ["\\task\\A2\\1.fil", "\\task\\A2\\2.fil", "\\task\\A2\\3__secret_information__.fil"]
	}
]
